{
  "ContactRequest-0" : {
    "transaction" : "ContactRequest-0",
    "sampleCount" : 120,
    "errorCount" : 0,
    "errorPct" : 0.0,
    "meanResTime" : 120.59166666666663,
    "medianResTime" : 74.0,
    "minResTime" : 59.0,
    "maxResTime" : 837.0,
    "pct1ResTime" : 375.9,
    "pct2ResTime" : 379.95,
    "pct3ResTime" : 766.6499999999974,
    "throughput" : 85.16678495386799,
    "receivedKBytesPerSec" : 27.612668559261888,
    "sentKBytesPerSec" : 10.812189496096522
  },
  "ContactRequest-1" : {
    "transaction" : "ContactRequest-1",
    "sampleCount" : 120,
    "errorCount" : 0,
    "errorPct" : 0.0,
    "meanResTime" : 213.0333333333334,
    "medianResTime" : 94.0,
    "minResTime" : 58.0,
    "maxResTime" : 726.0,
    "pct1ResTime" : 523.1,
    "pct2ResTime" : 689.0,
    "pct3ResTime" : 723.6899999999999,
    "throughput" : 85.28784648187633,
    "receivedKBytesPerSec" : 151.26654673063254,
    "sentKBytesPerSec" : 10.494402985074627
  },
  "ContactRequest" : {
    "transaction" : "ContactRequest",
    "sampleCount" : 120,
    "errorCount" : 0,
    "errorPct" : 0.0,
    "meanResTime" : 333.7583333333336,
    "medianResTime" : 234.0,
    "minResTime" : 125.0,
    "maxResTime" : 904.0,
    "pct1ResTime" : 596.5,
    "pct2ResTime" : 767.9,
    "pct3ResTime" : 882.7899999999992,
    "throughput" : 81.30081300813008,
    "receivedKBytesPerSec" : 170.5543910907859,
    "sentKBytesPerSec" : 20.32520325203252
  },
  "CourseAdmissionRequest-1" : {
    "transaction" : "CourseAdmissionRequest-1",
    "sampleCount" : 120,
    "errorCount" : 0,
    "errorPct" : 0.0,
    "meanResTime" : 417.52499999999975,
    "medianResTime" : 413.5,
    "minResTime" : 69.0,
    "maxResTime" : 747.0,
    "pct1ResTime" : 693.9,
    "pct2ResTime" : 716.0,
    "pct3ResTime" : 744.8999999999999,
    "throughput" : 42.44782454899186,
    "receivedKBytesPerSec" : 75.28201826140786,
    "sentKBytesPerSec" : 5.554695790590732
  },
  "CourseAdmissionRequest-0" : {
    "transaction" : "CourseAdmissionRequest-0",
    "sampleCount" : 120,
    "errorCount" : 0,
    "errorPct" : 0.0,
    "meanResTime" : 186.3833333333334,
    "medianResTime" : 72.0,
    "minResTime" : 65.0,
    "maxResTime" : 1314.0,
    "pct1ResTime" : 386.0,
    "pct2ResTime" : 495.0999999999998,
    "pct3ResTime" : 1306.6499999999996,
    "throughput" : 43.16546762589928,
    "receivedKBytesPerSec" : 14.66951438848921,
    "sentKBytesPerSec" : 5.817221223021583
  },
  "IndexRequest-0" : {
    "transaction" : "IndexRequest-0",
    "sampleCount" : 120,
    "errorCount" : 0,
    "errorPct" : 0.0,
    "meanResTime" : 715.325,
    "medianResTime" : 692.0,
    "minResTime" : 207.0,
    "maxResTime" : 2766.0,
    "pct1ResTime" : 1154.4,
    "pct2ResTime" : 1454.4999999999995,
    "pct3ResTime" : 2519.249999999991,
    "throughput" : 36.957191253464735,
    "receivedKBytesPerSec" : 12.19876039421004,
    "sentKBytesPerSec" : 4.8001039421004
  },
  "Total" : {
    "transaction" : "Total",
    "sampleCount" : 1080,
    "errorCount" : 0,
    "errorPct" : 0.0,
    "meanResTime" : 525.582407407407,
    "medianResTime" : 413.0,
    "minResTime" : 58.0,
    "maxResTime" : 4083.0,
    "pct1ResTime" : 1278.3999999999999,
    "pct2ResTime" : 1586.95,
    "pct3ResTime" : 2341.3300000000004,
    "throughput" : 227.033844860206,
    "receivedKBytesPerSec" : 318.5929945343704,
    "sentKBytesPerSec" : 38.92290309018289
  },
  "IndexRequest-1" : {
    "transaction" : "IndexRequest-1",
    "sampleCount" : 120,
    "errorCount" : 0,
    "errorPct" : 0.0,
    "meanResTime" : 711.4250000000002,
    "medianResTime" : 601.5,
    "minResTime" : 198.0,
    "maxResTime" : 3083.0,
    "pct1ResTime" : 1474.0,
    "pct2ResTime" : 1587.95,
    "pct3ResTime" : 2808.1099999999897,
    "throughput" : 37.42981908920773,
    "receivedKBytesPerSec" : 66.3824908374922,
    "sentKBytesPerSec" : 4.715279943855271
  },
  "IndexRequest" : {
    "transaction" : "IndexRequest",
    "sampleCount" : 120,
    "errorCount" : 0,
    "errorPct" : 0.0,
    "meanResTime" : 1428.1499999999999,
    "medianResTime" : 1449.5,
    "minResTime" : 449.0,
    "maxResTime" : 4083.0,
    "pct1ResTime" : 2089.4000000000005,
    "pct2ResTime" : 2418.749999999999,
    "pct3ResTime" : 3920.2499999999936,
    "throughput" : 28.78388102662509,
    "receivedKBytesPerSec" : 60.54968592588151,
    "sentKBytesPerSec" : 7.364625809546655
  },
  "CourseAdmissionRequest" : {
    "transaction" : "CourseAdmissionRequest",
    "sampleCount" : 120,
    "errorCount" : 0,
    "errorPct" : 0.0,
    "meanResTime" : 604.0500000000002,
    "medianResTime" : 508.0,
    "minResTime" : 257.0,
    "maxResTime" : 1384.0,
    "pct1ResTime" : 801.7,
    "pct2ResTime" : 806.8,
    "pct3ResTime" : 1377.0699999999997,
    "throughput" : 40.05340453938585,
    "receivedKBytesPerSec" : 84.64736836615488,
    "sentKBytesPerSec" : 10.639185580774367
  }
}